,Title,Link
0,Coding Startups - Coders with entrepreneurial mindset,https://codingstartups.com/
1,Machine Learning for hackers: model comparison ... - Coding Startups,https://codingstartups.com/machine-learning-hackers-model-comparison-selection/
2,tutorial Archives - Coding Startups,https://codingstartups.com/tag/tutorial/
3,Prediction Archives - Coding Startups,https://codingstartups.com/category/prediction/
4,web development Archives - Coding Startups,https://codingstartups.com/tag/web-development/
5,Web Archives - Coding Startups,https://codingstartups.com/category/web/
6,Command & Conquer: Startup Law Essentials - Coding Startups,https://codingstartups.com/command-conquer-startup-law-essentials/
7,technology Archives - Coding Startups,https://codingstartups.com/tag/technology/
8,CodingStartups - Website | Facebook - 2 Reviews - 3 Photos,https://www.facebook.com/codingstartups/?ref=page_internal
